rowid;country;station_id;count
1;at;06de6888-fdd4-ea11-bf21-0003ff59b17b;1
2;at;0b42bc29-ac46-eb11-8fed-0003ff597f34;1675
3;at;15cb9760-6dfa-ea11-b5d9-0003ff599498;134
4;at;46372078;1312
5;at;6defefec-2f4b-ea11-b698-0003ff59771b;1873
6;at;915656001;1077
7;at;f039fb5c-6bfa-ea11-b5d9-0003ff599498;1
8;be;02ada5b7-5015-eb11-8441-0003ff597f33;1
9;be;0326496d-d4fb-ea11-b5d9-0003ff599498;4
10;be;04785fe0-8a3c-eb11-8fed-0003ff5982ed;2133
11;be;05ade684-e132-eb11-8441-0003ff597f33;1
12;be;06723dbe-31d1-e711-9401-0003ff597480;1
13;be;0706ed11-dbcc-ea11-bf22-0003ff59a5e1;9
14;be;0a4b4554-68fd-ea11-b5d9-0003ff599498;1
15;be;0f78adcc-70ca-ea11-bf21-0003ff59a78c;2
16;be;107d3ed4-69fd-ea11-b5d9-0003ff599499;1
17;be;11ed6eae-8a48-eb11-8fed-0003ff595f97;590
18;be;123b00cd-d0fb-ea11-b5d9-0003ff599498;3
19;be;16a3d7e8-e03d-eb11-8fed-0003ff595f97;1
20;be;19389fc4-1e29-eb11-8441-0003ff59786b;271
21;be;1a749d54-69fd-ea11-b5d9-0003ff599498;1
22;be;2101e145-3dfb-ea11-b5d9-0003ff599499;5
23;be;292e10bc-69ca-ea11-bf21-0003ff59b17b;2
24;be;2c2327f7-51fb-ea11-b5d9-0003ff599499;4
25;be;35c696b5-bad4-ea11-bf21-0003ff59a78c;1
26;be;36683806-d4fb-ea11-b5d9-0003ff599499;3
27;be;3b7a7833-1148-eb11-8fed-0003ff597f34;1
28;be;3cf51314-4a15-eb11-8441-0003ff59786b;1
29;be;401ede3a-ea0d-eb11-8441-0003ff59786b;1
30;be;479523b9-f1a4-ea11-8b71-0003ff59b0d7;1
31;be;48051e5a-4648-eb11-8fed-0003ff597f34;1189
32;be;4822f7f8-0ba4-ea11-8b71-0003ff59a5f8;1
33;be;48f0401a-d2fb-ea11-b5d9-0003ff599499;4
34;be;49f67b47-6fca-ea11-bf21-0003ff59a78c;749
35;be;50fc5241-bd66-ea11-99e5-0003ff59b16f;1
36;be;595c835c-69fd-ea11-b5d9-0003ff5982ee;2
37;be;5dba64f3-f0bc-e911-b083-0003ff59a71f;1
38;be;67b8cec2-81b8-ea11-bf21-0003ff5982ee;1316
39;be;6df70a61-db49-eb11-8fed-0003ff5982ed;405
40;be;72305c79-ca16-eb11-8441-0003ff597a64;1
41;be;743c71ff-3bfb-ea11-b5d9-0003ff59944a;2
42;be;75175605-64ad-e911-b083-0003ff598cc1;1
43;be;7882c63f-3cfb-ea11-b5d9-0003ff599498;1
44;be;78b21084-cfdb-ea11-bf21-0003ff595f95;1
45;be;7d545f11-70ca-ea11-bf21-0003ff59b17b;1
46;be;84c22d49-14f4-e911-b862-0003ff59ab13;111
47;be;85e59bc2-69fd-ea11-b5d9-0003ff599498;1
48;be;88071e0e-69fd-ea11-b5d9-0003ff599499;3
49;be;88b5ceb8-d1fb-ea11-b5d9-0003ff5982ee;2
50;be;8bf48f74-ddfb-ea11-b5d9-0003ff5982ee;1
51;be;8d4b7bfb-043e-eb11-8fed-0003ff597f34;1
52;be;94d3c88f-1eae-ea11-8b71-0003ff59b0d7;1
53;be;95d822b2-df26-e811-bbd3-0003ff598027;51
54;be;9b0c0519-6c40-eb11-8fed-0003ff5982ed;2045
55;be;9eeaeeba-d3fb-ea11-b5d9-0003ff599498;2
56;be;9ff74591-71ca-ea11-bf22-0003ff59a5e1;2
57;be;a0fc098c-e032-eb11-8441-0003ff597a64;1
58;be;a6c4eb76-72ca-ea11-bf22-0003ff59a5e1;2
59;be;aa1bebba-68fd-ea11-b5d9-0003ff599498;1
60;be;b33a5875-65ca-ea11-bf21-0003ff59b17b;2
61;be;b5676500-d5fb-ea11-b5d9-0003ff5982ee;4
62;be;b7316ae6-40fb-ea11-b5d9-0003ff599498;6
63;be;bcae068f-cd47-eb11-8fed-0003ff5982ed;726
64;be;be2df16a-8fdd-ea11-bf21-0003ff59a78c;2
65;be;c0a35f96-1b3e-eb11-8fed-0003ff595f97;1585
66;be;ca8de20a-6afd-ea11-b5d9-0003ff599499;1
67;be;cbeaa2e9-51fb-ea11-b5d9-0003ff599499;4
68;be;d17ce1d5-d0fb-ea11-b5d9-0003ff599498;1
69;be;d26ca323-dc43-e711-9401-0003ff597480;2
70;be;d75ba20d-61dc-ea11-bf21-0003ff59b17b;1
71;be;dd03bfec-5ebb-e811-a8eb-0003ff5999e3;84
72;be;de1efdd2-3ffb-ea11-b5d9-0003ff599499;7
73;be;def889fd-67ca-ea11-bf22-0003ff59a5e1;2
74;be;e01f04e2-e471-ea11-99e5-0003ff59b198;1
75;be;e50e188a-6cca-ea11-bf22-0003ff59a5e1;3
76;be;e9507b8b-69fd-ea11-b5d9-0003ff599498;2
77;be;ee892c1c-d6fb-ea11-b5d9-0003ff599498;1
78;be;f0f85212-3e60-e811-bd6d-0003ff59b2de;2
79;be;f32fb460-b78b-ea11-99e5-0003ff59b198;1
80;be;f3cc85f7-88df-e711-9405-0003ff59b2bd;211
81;be;f4015d94-6bca-ea11-bf21-0003ff59b17b;2
82;be;f8d9a1c2-e132-eb11-8441-0003ff597f33;1
83;be;fbddcda0-ad47-eb11-8fed-0003ff595f97;1396
84;be;ff11fd36-7264-eb11-8fed-0003ff596d7f;1
85;be;ff199418-73ca-ea11-bf22-0003ff59a5e1;2
86;ch;15f3a3ba-7848-eb11-8fed-0003ff597f34;1131
87;ch;48e578cb-4cda-ea11-bf21-0003ff595f95;1
88;ch;7bd28efc-5b82-ea11-99e5-0003ff596d81;1
89;ch;886d53ed-53bd-ea11-bf21-0003ff59a56f;1
90;cz;09d79e46-b228-eb11-8441-0003ff59786b;1
91;cz;0bf555d2-4248-eb11-8fed-0003ff597f34;1198
92;cz;0bfd84c0-8fb8-ea11-bf21-0003ff59a5e1;2
93;cz;0c2686f8-e346-eb11-8fed-0003ff5982ed;3
94;cz;2851cc22-e94a-eb11-8fed-0003ff595f97;294
95;cz;35e06a13-ef42-eb11-8fed-0003ff595f97;1
96;cz;37488956;3
97;cz;3768ccd5-3a6f-ea11-99e5-0003ff596d81;1
98;cz;755113dc-f8ef-e711-bd60-0003ff5962e0;1484
99;cz;fefb9277-3350-ea11-b698-0003ff59771b;2
100;de;12beec20-938c-ea11-99e5-0003ff59b198;2
101;de;148c991b-c14a-eb11-8fed-0003ff5982ed;1
102;de;15739503-513d-eb11-8fed-0003ff597f34;1
103;de;16a52711-d549-eb11-8fed-0003ff595f97;655
104;de;195e50e7-304b-ea11-b699-0003ff59987e;1
105;de;1dcfd4db-7547-eb11-8fed-0003ff597f34;1
106;de;1de50e5f-56c8-ea11-bf21-0003ff59a78c;1
107;de;26fa790e-0454-ea11-b698-0003ff59771b;1
108;de;2baa0500-b745-ea11-b698-0003ff59771b;1
109;de;3b1fb94a-8693-ea11-99e5-0003ff596d81;1
110;de;40297e68-71dd-ea11-bf21-0003ff595f95;2
111;de;40354f5b-cdae-ea11-8b71-0003ff59a5f8;1
112;de;4bf605cd-cddf-ea11-bf21-0003ff59b17b;1
113;de;6141bc28-b3a9-ea11-8b71-0003ff59b0d7;763
114;de;61ab72dd-139a-ea11-8b71-0003ff59a3d6;1
115;de;6243211a-97f7-ea11-b5d9-0003ff59944a;1
116;de;631b62ee-e239-ea11-8454-0003ff59ab13;60
117;de;66e6a2c1-c062-ea11-b698-0003ff59a029;1
118;de;686841de-1dd7-ea11-bf21-0003ff59b17b;1
119;de;6f09ebe6-54da-ea11-bf21-0003ff59a78c;1
120;de;793a5b51-c85f-ea11-b698-0003ff599880;1
121;de;7b0cfa1e-89b4-ea11-bf21-0003ff5982ee;4
122;de;906cdf56-ae16-eb11-8441-0003ff59786b;1
123;de;93537134-a235-eb11-8fed-0003ff598a13;2158
124;de;a21514f3-5e48-eb11-8fed-0003ff597f34;1152
125;de;aa6c38f2-dddb-ea11-bf21-0003ff59b17b;39
126;de;afbcbcce-544f-ea11-b698-0003ff59771b;2039
127;de;bba44ccd-3f49-eb11-8fed-0003ff595f97;674
128;de;bf13f1d3-f7e8-ea11-bf21-0003ff59a78c;1
129;de;bf4f313a-fdf7-e811-a140-0003ff5991b2;782
130;de;c03b1280-149a-ea11-8b71-0003ff59b194;1
131;de;c8f24996-4f73-ea11-99e5-0003ff596d81;2
132;de;d2795f71-3556-ea11-b698-0003ff59771b;1
133;de;dc47f059-d245-eb11-8fed-0003ff597f34;1
134;de;dcc0d33e-6827-eb11-8441-0003ff59786b;1
135;de;e44df278-9659-ea11-b698-0003ff599880;1
136;de;f1ebbdeb-a0df-ea11-bf21-0003ff59a78c;338
137;de;fb325ef6-af00-eb11-b5d9-0003ff599499;2
138;de;fb49650c-513d-eb11-8fed-0003ff595f97;1
139;de;fe013cb6-c8ea-ea11-b5d9-0003ff59944a;1
140;dk;51215c6e-262e-ea11-8454-0003ff59ab13;1
141;dk;dfac7b2f-790c-eb11-b5d9-0003ff5982ee;1
142;dk;e003d690-3f49-eb11-8fed-0003ff5982ed;861
143;dk;e7d2e9e9-7687-e811-8c6e-0003ff597a81;1
144;ee;32490406-e832-e911-867c-0003ff59862c;3
145;el;bb286b8e-7763-ea11-b698-0003ff599880;1
146;el;bc6e2d5e-6361-ea11-b698-0003ff599880;639
147;el;e3b0181d-bf65-ea11-99e5-0003ff59b16f;2
148;el;eab06154-c250-ea11-b698-0003ff59771b;1
149;es;077981d4-2235-ea11-8454-0003ff599bc1;2
150;es;15346017-9777-e911-80e7-0003ff597316;2
151;es;1702d284-a1a8-ea11-8b71-0003ff59a5f8;4
152;es;1b6754d2-303d-eb11-8fed-0003ff5982ed;1
153;es;1ebc4a7a-f0db-ea11-bf21-0003ff595f95;1
154;es;24a0c5d1-f071-ea11-99e5-0003ff59b198;2
155;es;2b4ea2ac-ae16-eb11-8441-0003ff597a64;1
156;es;3c338604-2a4b-ea11-b698-0003ff59771b;362
157;es;3dfe416d-5e7f-ea11-99e5-0003ff59b198;1
158;es;3e313ba8-42c9-ea11-bf21-0003ff59a78c;1
159;es;4b92df8d-aca0-ea11-8b71-0003ff59b0d7;3
160;es;5644655b-1306-eb11-b5d9-0003ff599498;1
161;es;5cdf5681-9254-ea11-b698-0003ff59771b;1
162;es;83624490-085b-ea11-b698-0003ff599880;1
163;es;840df81d-6736-eb11-8fed-0003ff5982ed;3
164;es;8b6c40d9-e944-ea11-b698-0003ff59771b;1
165;es;8b821167-46e4-ea11-bf21-0003ff59a78c;255
166;es;9c0b17ac-459b-ea11-8b71-0003ff59b0d7;1
167;es;b68d638e-d8f1-ea11-b5d9-0003ff59944a;1
168;es;bf7187f2-3b0f-eb11-8441-0003ff597a64;1
169;es;dc19b2b9-cf22-eb11-8441-0003ff59786b;3
170;es;e4a08528-3d7f-e911-80e7-0003ff597316;2
171;es;fcd7a921-837a-ea11-99e5-0003ff59b198;1
172;fi;253c790d-b0e5-e911-b3ba-0003ff59b0d7;11
173;fr;37946531-6832-ea11-8454-0003ff59ab13;1
174;fr;3b47a610-f847-ea11-b699-0003ff59987e;2
175;fr;3c623dde-3eff-ea11-b5d9-0003ff5982ee;1
176;fr;4578fb44-7196-ea11-8b71-0003ff59a3d6;1
177;fr;7523b0c3-7c05-eb11-b5d9-0003ff599498;1
178;fr;7cb7986d-2547-ea11-b699-0003ff59987e;1
179;fr;85257550-860a-e811-90cf-0003ff5997e7;1
180;fr;8bb6920d-6651-ea11-b699-0003ff59987e;1
181;fr;a225c816-794b-ea11-b698-0003ff59771b;1
182;fr;a5d8ccd8-4d8c-ea11-99e5-0003ff596d81;1
183;fr;a60d0207-de32-ea11-8454-0003ff599bc1;7
184;fr;bb440862-2947-ea11-b699-0003ff59987e;1
185;fr;c9c6b4f9-df7f-ea11-99e5-0003ff596d81;1
186;fr;d8735632-b746-eb11-8fed-0003ff595f97;1619
187;hu;808bd4d3-a1bb-ea11-bf21-0003ff5982ee;1
188;hu;87b409d8-01df-ea11-bf21-0003ff595f95;1
189;hu;acc543f7-5148-eb11-8fed-0003ff5982ed;1180
190;ie;022e7b36-977c-e911-80e7-0003ff59889d;1689
191;ie;043dda1e-4eb4-e911-b083-0003ff598cc1;1678
192;ie;055a9f79-8b7c-e911-80e7-0003ff59889d;1668
193;ie;07897406-947c-e911-80e7-0003ff59889d;1681
194;ie;07bdf0da-4201-ea11-b862-0003ff59ab13;1678
195;ie;0da84f60-aa7c-e911-80e7-0003ff59889d;1668
196;ie;168b5eb0-4301-ea11-b862-0003ff599e2a;1687
197;ie;1b9fe0ca-8a7c-e911-80e7-0003ff59889d;1686
198;ie;223bffda-3eb4-e911-b083-0003ff59a71f;1677
199;ie;26fa1323-e6cf-ea11-bf21-0003ff59b17b;1
200;ie;27448343;365
201;ie;284c9010-ad00-ea11-b862-0003ff599e2a;1677
202;ie;30605cab-967c-e911-80e7-0003ff59889d;1687
203;ie;327cc40f-ad7c-e911-80e7-0003ff597316;1678
204;ie;3b0b3975-1f62-eb11-8fed-0003ff596d7f;1
205;ie;3d0930df-ae7c-e911-80e7-0003ff59889d;1670
206;ie;414de1da-4001-ea11-b862-0003ff59ab13;1680
207;ie;43b86e3f-8d7c-e911-80e7-0003ff597316;1683
208;ie;4986abb6-b0a3-e911-b083-0003ff598cc1;1684
209;ie;49f2bb28-bb5f-ea11-b698-0003ff599880;1
210;ie;4f3cdddc-3f7c-e811-9ccc-0003ff599983;178
211;ie;51698273-b9de-e911-b3b9-0003ff59a783;1682
212;ie;527ecc0a-39b4-e911-b083-0003ff59a71f;1682
213;ie;52bf2823-447d-e911-80e7-0003ff597316;1679
214;ie;5c1c419b-a57c-e911-80e7-0003ff597316;1679
215;ie;62011199-427d-e911-80e7-0003ff597316;1683
216;ie;62f3f776-937c-e911-80e7-0003ff59889d;1679
217;ie;63cf9db9-897c-e911-80e7-0003ff59889d;1688
218;ie;6827b0ce-a47c-e911-80e7-0003ff597316;1673
219;ie;69be8456-b8de-e911-b3ba-0003ff59b0d7;1675
220;ie;6dd55ed5-ff48-eb11-8fed-0003ff597f34;167
221;ie;6e70c0ca-b17c-e911-80e7-0003ff59889d;1679
222;ie;70369e85-af7c-e911-80e7-0003ff597316;1686
223;ie;75c56e80-b07c-e911-80e7-0003ff597316;1660
224;ie;77501416-afa3-e911-b083-0003ff598cc1;1667
225;ie;77b24a8c-b1de-e911-b3ba-0003ff59b0d7;1673
226;ie;7f4481f8-afa3-e911-b083-0003ff59a71f;1690
227;ie;81899a5d-4fb4-e911-b083-0003ff59a71f;1677
228;ie;851e3fdf-927c-e911-80e7-0003ff59889d;1681
229;ie;8ba85653-b1a3-e911-b083-0003ff59a71f;1681
230;ie;922dbb9c-867c-e911-80e7-0003ff59889d;1685
231;ie;a1649f03-b17c-e911-80e7-0003ff597316;1559
232;ie;a462674c-1d49-eb11-8fed-0003ff5982ed;964
233;ie;b18e2235-5839-eb11-8fed-0003ff5982ed;1638
234;ie;b29f197a-9b0c-eb11-b5d9-0003ff599498;958
235;ie;b7dc65ee-8d7c-e911-80e7-0003ff59889d;1680
236;ie;bb48d388-b0de-e911-b3ba-0003ff59b0d7;1675
237;ie;c16a8838-ae7c-e911-80e7-0003ff597316;1670
238;ie;c21b7530-a900-ea11-b862-0003ff59ab13;1681
239;ie;da599103-957c-e911-80e7-0003ff59889d;1683
240;ie;dc13b455-9e7c-e911-80e7-0003ff59889d;1676
241;ie;e1326e00-b07c-e911-80e7-0003ff59889d;1686
242;ie;f23546fd-ab00-ea11-b862-0003ff599e2a;1686
243;ie;f575809a-2ca3-e911-b083-0003ff598cc1;1669
244;ie;f593419f-ab7c-e911-80e7-0003ff59889d;1681
245;ie;fc6220b9-447d-e911-80e7-0003ff597316;1671
246;ie;fce10052-bade-e911-b3ba-0003ff59b0d7;1671
247;ie;fd8fd58d-947c-e911-80e7-0003ff59889d;1677
248;it;146d60da-a233-ea11-8454-0003ff59ab13;1
249;it;1f916229-9d6f-ea11-99e5-0003ff596d81;1
250;it;24f98108-1e54-ea11-b699-0003ff59987e;1
251;it;338c8eef-8d51-ea11-b699-0003ff59987e;1
252;it;352423d8-fbba-ea11-bf21-0003ff59a56f;2
253;it;4dd78fd0-7f5b-eb11-8fed-0003ff597f34;2
254;it;62b56f48-fd23-ea11-8454-0003ff599bc1;1
255;it;6ed436a3-774b-eb11-8fed-0003ff5982ed;1
256;it;800c58c8-8547-eb11-8fed-0003ff595f97;388
257;it;81e310a4-d078-ea11-99e5-0003ff59b198;1
258;it;852ec894-b50c-eb11-b5d9-0003ff5982ee;1
259;it;9914578d-1346-eb11-8fed-0003ff597f34;2078
260;it;a3619c54-4d6f-ea11-99e5-0003ff59b198;2
261;it;d8adc95c-1be5-ea11-bf21-0003ff595f95;234
262;it;db349fe9-a04a-eb11-8fed-0003ff595f97;376
263;it;ea7f9c7d-7934-ea11-8454-0003ff599bc1;1
264;it;ef200eb5-5989-ea11-99e5-0003ff596d81;693
265;lt;614b9861-781a-eb11-8441-0003ff59786b;2
266;lt;893216001;2
267;lv;03a48016-eb62-ea11-b698-0003ff599880;1
268;nl;0360504a-7de3-e811-a140-0003ff5993a0;1212
269;nl;0773293f-af2c-eb11-8441-0003ff59786b;1
270;nl;0e7e93d1-920e-ea11-b265-0003ff5990ac;626
271;nl;0e8e92b9-ed46-eb11-8fed-0003ff5982ed;1
272;nl;0fb09d8c-3599-ea11-8b71-0003ff59b194;1
273;nl;116def8e-e345-eb11-8fed-0003ff597f34;2015
274;nl;1a12b3d4-f9e9-ea11-b5d9-0003ff599498;1
275;nl;1e6ef537-95c0-ea11-bf21-0003ff59a5e1;1
276;nl;22391d6c-fa49-eb11-8fed-0003ff5982ed;609
277;nl;2887e571-987c-e911-80e7-0003ff59889d;1
278;nl;2a61c55d-d64c-ea11-b699-0003ff59987e;5
279;nl;2c0fa2d1-9b44-eb11-8fed-0003ff595f97;1
280;nl;2c3ff498-2d5a-ea11-b698-0003ff59a029;1
281;nl;318cca45-285f-ea11-b698-0003ff599880;1
282;nl;37fc1da6-9533-ea11-8454-0003ff59ab13;1
283;nl;39546d56-b64a-eb11-8fed-0003ff5982ed;1
284;nl;3d4e6cc1-4256-e911-b048-0003ff59ad54;110
285;nl;3f75ebc1-0abb-ea11-bf21-0003ff5982ee;4
286;nl;40005148-d2bf-e611-9408-0003ff59aed1;3
287;nl;4003cfd3-f84b-ea11-b698-0003ff59771b;19
288;nl;4d22e412-3db3-ea11-bf21-0003ff59a5e1;1
289;nl;4d351498-0947-e811-a822-0003ff596ea9;1
290;nl;51488e86-098e-ea11-99e5-0003ff596d81;4
291;nl;58c1e0bf-df1c-eb11-8441-0003ff597f33;10
292;nl;5e0b5af9-f9e9-ea11-b5d9-0003ff59944a;1
293;nl;60e0f52e-ee0e-eb11-8441-0003ff597a64;1
294;nl;61c8fcf8-062c-eb11-8441-0003ff59786b;1
295;nl;64ba1c21-b129-eb11-8441-0003ff597f33;1
296;nl;662fcf35-6e37-ea11-8454-0003ff599bc1;1
297;nl;66f8948a-a04a-eb11-8fed-0003ff5982ed;392
298;nl;68b3efa5-91bc-e911-b083-0003ff598cc1;1
299;nl;71627371-7bc0-ea11-bf21-0003ff59a56f;1
300;nl;733bb537-14b6-e611-9404-0003ff59b0cc;1382
301;nl;7828ccbc-5958-e811-bd6d-0003ff59b2de;31
302;nl;7b91437b-a9d2-ea11-bf21-0003ff596d81;2
303;nl;7bd7d768-b242-ea11-b698-0003ff59771b;545
304;nl;7c2341b0-04e9-e811-a140-0003ff598dc6;781
305;nl;7c7c2243-a2b1-ea11-8b71-0003ff59a5f8;1
306;nl;7cd48088-2d4b-ea11-b699-0003ff59987e;1
307;nl;7ce11687-07c9-ea11-bf21-0003ff59a78c;1
308;nl;83e7f0a5-09c2-ea11-bf21-0003ff59a5e1;1
309;nl;85940b3c-892d-eb11-8441-0003ff59786b;1
310;nl;8fedfffa-8039-eb11-8fed-0003ff597f34;1
311;nl;918736001;850
312;nl;923726001;451
313;nl;924306001;2
314;nl;935726001;371
315;nl;965486001;16
316;nl;998cf7e1-a596-ea11-8b71-0003ff59a3d6;1
317;nl;9d10713e-514b-eb11-8fed-0003ff595f97;1
318;nl;a3602864-d167-ea11-99e5-0003ff59b16f;1
319;nl;a394dc43-774b-eb11-8fed-0003ff597f34;1
320;nl;a4aa0623-5039-ea11-8454-0003ff59ab13;1
321;nl;a4c34b28-88b7-ea11-bf21-0003ff59a5e1;1
322;nl;abde00e8-7e47-eb11-8fed-0003ff5982ed;837
323;nl;aca82688-cd5f-eb11-8fed-0003ff595f97;1
324;nl;acf2a298-075b-ea11-b698-0003ff599880;4
325;nl;b42cbe4b-b9f1-e811-a140-0003ff5993a0;778
326;nl;c02b7a84-965d-ea11-b698-0003ff59a029;1
327;nl;c1a7c797-f1c5-ea11-bf21-0003ff59a56f;34
328;nl;c215e7d4-d6ed-ea11-b5d9-0003ff59944a;31
329;nl;c27888e0-870d-eb11-8441-0003ff59786b;1
330;nl;c6f64c49-85e3-e811-a140-0003ff598dc6;1949
331;nl;c8d4289c-56b9-ea11-bf21-0003ff5982ee;1
332;nl;c9ef6195-d199-ea11-8b71-0003ff59a3d6;1
333;nl;cb2d5703-68bb-e911-b083-0003ff59a71f;1
334;nl;d4c290f8-80e3-e811-a140-0003ff5993a0;1
335;nl;d60d1fed-a450-e911-b048-0003ff596eab;1
336;nl;e00af405-d894-e811-b96f-0003ff597c74;4
337;nl;e04cc181-6d50-e711-9400-0003ff597c44;99
338;nl;e7596d08-853f-ea11-b698-0003ff59771b;1866
339;nl;f0872c59-0b9d-ea11-8b71-0003ff59b0d7;1
340;nl;f69e0274-136a-e611-9400-0003ff596ea9;1
341;nl;fb418147-de54-ea11-b699-0003ff59987e;2
342;no;118bc61d-b062-ea11-b698-0003ff59a029;1
343;no;326c3207-bd46-eb11-8fed-0003ff597f34;1699
344;no;e2244ea9-83d6-ea11-bf21-0003ff59a78c;1
345;no;e40e00ec-5732-eb11-8441-0003ff597a64;22
346;pl;1ec140f9-d106-eb11-b5d9-0003ff599499;2
347;pl;2346e58a-449b-ea11-8b71-0003ff59a5f8;1
348;pl;6b105b57-0a77-ea11-99e5-0003ff59b198;1
349;pl;8a227d0b-9468-ea11-99e5-0003ff59a340;1
350;pl;931476001;13
351;pl;bbde1289-bd5b-ea11-b698-0003ff59a029;1
352;pl;c0ef1044-0938-eb11-8fed-0003ff595f97;1
353;pl;cf991cc5-a43c-ea11-8454-0003ff599bc1;1
354;pt;aa528a45-bb1f-eb11-8441-0003ff597f33;2
355;pt;ee26a5a9-bb35-eb11-8fed-0003ff5982ed;1
356;ro;10196248-50f7-ea11-b5d9-0003ff599499;1
357;ro;18fea8bb-80f7-ea11-b5d9-0003ff599498;1
358;ro;225f35d7-85f7-ea11-b5d9-0003ff599499;1
359;ro;2e762f5c-4df7-ea11-b5d9-0003ff59944a;1
360;ro;2ed6087a-7df7-ea11-b5d9-0003ff599498;1
361;ro;3435b0c0-73bb-ea11-bf21-0003ff59a56f;1
362;ro;377563ed-7bf7-ea11-b5d9-0003ff599499;1
363;ro;4ca50809-7af7-ea11-b5d9-0003ff599499;1
364;ro;52764ed1-7ef7-ea11-b5d9-0003ff599498;1
365;ro;57ab415c-85f7-ea11-b5d9-0003ff599498;1
366;ro;5c9897a5-46f7-ea11-b5d9-0003ff59944a;1
367;ro;629fd058-4bf7-ea11-b5d9-0003ff599498;1
368;ro;62d07f1a-cdba-ea11-bf21-0003ff59a56f;1
369;ro;678852eb-51f7-ea11-b5d9-0003ff599498;1
370;ro;6acd9c2a-51f7-ea11-b5d9-0003ff59944a;1
371;ro;6d620d77-7bf7-ea11-b5d9-0003ff599498;1
372;ro;731ff145-c0df-e611-9401-000d3ab1ce9d;1
373;ro;738bcc41-81f7-ea11-b5d9-0003ff599499;1
374;ro;779e9509-83f7-ea11-b5d9-0003ff599498;1
375;ro;7992b6f8-4ef7-ea11-b5d9-0003ff59944a;1
376;ro;7f867ad4-49f7-ea11-b5d9-0003ff599498;1
377;ro;8ee209ec-d309-e911-9462-0003ff5972a6;1996
378;ro;97819347-84f7-ea11-b5d9-0003ff599499;1
379;ro;986ffc41-4ef7-ea11-b5d9-0003ff599498;1
380;ro;9886f673-7cf7-ea11-b5d9-0003ff599498;1
381;ro;99c7cc00-7df7-ea11-b5d9-0003ff599499;1
382;ro;9f480252-48f7-ea11-b5d9-0003ff599499;1
383;ro;a19c9df5-4bf7-ea11-b5d9-0003ff599498;1
384;ro;a6cd28ba-83f7-ea11-b5d9-0003ff599499;1
385;ro;a7370fad-4cf7-ea11-b5d9-0003ff59944a;1
386;ro;af8f1ccc-84f7-ea11-b5d9-0003ff599499;1
387;ro;c07785a3-4af7-ea11-b5d9-0003ff599498;1
388;ro;cdea831b-7ef7-ea11-b5d9-0003ff59944a;1
389;ro;d057e22b-80f7-ea11-b5d9-0003ff59944a;1
390;ro;d23391a3-707a-ea11-99e5-0003ff596d81;1
391;ro;d61a0f9d-7ff7-ea11-b5d9-0003ff599498;1
392;ro;d73535c7-7af7-ea11-b5d9-0003ff59944a;1
393;ro;d9805bae-81f7-ea11-b5d9-0003ff59944a;1
394;ro;e321aeb5-52f7-ea11-b5d9-0003ff599498;1
395;ro;efe62e4b-86f7-ea11-b5d9-0003ff599499;1
396;ro;f205f098-4ff7-ea11-b5d9-0003ff599498;1
397;ro;fa61cf32-82f7-ea11-b5d9-0003ff59944a;1
398;se;0589d240-04a7-ea11-8b71-0003ff59b0d7;1
399;se;0e8dbbb0-8e40-eb11-8fed-0003ff597f34;1
400;se;0ec9aa22-d720-eb11-8441-0003ff597a64;2
401;se;12d590e7-9ade-e911-b3b9-0003ff59a783;1
402;se;164782f1-181c-eb11-8441-0003ff59786b;1
403;se;1798c19d-e149-eb11-8fed-0003ff5982ed;645
404;se;179b3c5e-ee38-eb11-8fed-0003ff595f97;1651
405;se;192d0719-7e0f-eb11-8441-0003ff597a64;1
406;se;1d326279-9272-ea11-99e5-0003ff59b198;1
407;se;20fb2449-17cf-ea11-bf21-0003ff59b17b;1
408;se;2408e5db-02c1-ea11-bf21-0003ff59a5e1;2
409;se;2b6646ff-8622-eb11-8441-0003ff597a64;1552
410;se;34cf5759-ae9b-ea11-8b71-0003ff59a5f8;1
411;se;376c5f49-7065-ea11-99e5-0003ff59b16f;1
412;se;37a16250-6138-eb11-8fed-0003ff597f34;1
413;se;3993bd34-2d36-eb11-8fed-0003ff597f34;1792
414;se;3c36b743-9dfd-ea11-b5d9-0003ff5982ee;1
415;se;4c759eeb-2a7b-ea11-99e5-0003ff59b198;1520
416;se;4e37dab0-cd50-ea11-b698-0003ff59771b;1
417;se;5674a575-193a-eb11-8fed-0003ff597f34;2
418;se;57e70ed4-ff3b-eb11-8fed-0003ff595f97;1
419;se;66b8d0fb-192c-eb11-8441-0003ff59786b;1
420;se;714e5999-e825-eb11-8441-0003ff597a64;1
421;se;75f0014b-9348-eb11-8fed-0003ff597f34;1086
422;se;76542c1d-f5c0-ea11-bf21-0003ff59a56f;2
423;se;7d38c059-3318-eb11-8441-0003ff597a64;1
424;se;803f9043-6e82-ea11-99e5-0003ff59b198;1
425;se;8958f38c-04cc-ea11-bf21-0003ff59b17b;1
426;se;9c8762c6-f721-eb11-8441-0003ff597a64;1
427;se;a7efe396-b83f-eb11-8fed-0003ff595f97;1098
428;se;ac40ef18-69c0-ea11-bf21-0003ff59a5e1;1
429;se;af148303-35da-ea11-bf21-0003ff59a78c;1
430;se;b1033f8e-5a4b-ea11-b699-0003ff59987e;3
431;se;c17ab5d4-a622-eb11-8441-0003ff597a64;2
432;se;cebe2d00-a722-eb11-8441-0003ff59786b;1
433;se;e5b7373b-7a47-eb11-8fed-0003ff5982ed;1463
434;se;e8cb3d50-d74a-eb11-8fed-0003ff595f97;307
435;se;f50e55f7-0925-eb11-8441-0003ff597a64;1
436;se;f7b47c01-e923-eb11-8441-0003ff59786b;1833
437;si;a2daf168-3b48-eb11-8fed-0003ff595f97;1141
438;si;be2b2868-fb48-eb11-8fed-0003ff5982ed;1
439;sk;34ac8e16-5a46-eb11-8fed-0003ff5982ed;1851
440;sk;7a359bd1-75ec-ea11-b5d9-0003ff599499;1
441;sk;841f98ab-2d46-eb11-8fed-0003ff597f34;1
442;sk;8c67d3df-9ef5-ea11-b5d9-0003ff599498;1
443;sk;d55cd98a-77ec-ea11-b5d9-0003ff599499;1
444;uk;01e7272e-3699-ea11-8b71-0003ff59b194;1
445;uk;0207be05-673d-eb11-8fed-0003ff5982ed;1
446;uk;02c47e79-9b51-ea11-b698-0003ff59771b;1379
447;uk;03f73ebe-1d58-e811-bd6d-0003ff59b2de;366
448;uk;060dd1d7-9e4a-eb11-8fed-0003ff595f97;208
449;uk;06197c2b-32b6-e911-b083-0003ff598cc1;1864
450;uk;0800a0de-fb03-eb11-b5d9-0003ff599499;81
451;uk;09968d01-8235-e811-bbd5-0003ff5993c1;357
452;uk;0a8e126c-e4c6-e611-9400-0003ff59aed0;351
453;uk;0ae5da9a-7eca-ea11-bf21-0003ff59b17b;148
454;uk;10796dd3-0e6b-e811-9ccb-0003ff597c74;31
455;uk;11b2ead9-a64a-eb11-8fed-0003ff595f97;382
456;uk;14342297;3
457;uk;163eafdc-021a-eb11-8441-0003ff597f33;2
458;uk;16be263a-53a5-e811-b96f-0003ff597c74;120
459;uk;1774968e-85b4-ea11-bf21-0003ff59a5e1;2
460;uk;178505;17
461;uk;1806216;367
462;uk;182601;367
463;uk;1826e310-c34a-eb11-8fed-0003ff597f34;1
464;uk;185511;122
465;uk;18d8de00-9049-eb11-8fed-0003ff597f34;798
466;uk;193986025;1375
467;uk;1da4cbfb-5ea0-eb11-89ee-0003ff5990ac;1
468;uk;1e48b338-e4cd-ea11-bf21-0003ff59b17b;1
469;uk;1e5286b0-c530-ea11-8454-0003ff599bc1;1
470;uk;200afe3f-5975-e811-9ccc-0003ff5989fe;365
471;uk;204757;8
472;uk;213562;366
473;uk;216184;335
474;uk;22685449;14
475;uk;23262190;4
476;uk;23421363;440
477;uk;23560812;2
478;uk;23644706;378
479;uk;23711939;493
480;uk;23845547;1
481;uk;24d5772f-e545-eb11-8fed-0003ff595f97;1
482;uk;25470854;365
483;uk;25485693;338
484;uk;25668314;79
485;uk;25669351;365
486;uk;25672210;365
487;uk;25674317;365
488;uk;25676241;273
489;uk;25678286;365
490;uk;25680140;365
491;uk;25686688;364
492;uk;25718231;366
493;uk;25728111;365
494;uk;25756272;365
495;uk;25757839;365
496;uk;25762880;365
497;uk;25764236;233
498;uk;25767358;365
499;uk;25777740;184
500;uk;25781409;365
501;uk;25790117;303
502;uk;25790128;365
503;uk;25831739;365
504;uk;25895783;365
505;uk;25898526;364
506;uk;25907255;68
507;uk;25930296;366
508;uk;25972130;367
509;uk;25afa9ef-cbca-ea11-bf22-0003ff59a5e1;1
510;uk;26020134;365
511;uk;26073176;256
512;uk;26114150;159
513;uk;26117084;364
514;uk;26310812;365
515;uk;26315335;365
516;uk;26346201;1
517;uk;26380504;365
518;uk;26493284;270
519;uk;26502397;351
520;uk;26506208;27
521;uk;26516003;365
522;uk;26641307;248
523;uk;26677033;365
524;uk;26701226;366
525;uk;26706013;46
526;uk;26706101;363
527;uk;26714885;365
528;uk;26714912;44
529;uk;26716549;365
530;uk;26719199;159
531;uk;26770277;365
532;uk;26895701;32
533;uk;26904722;365
534;uk;26904902;60
535;uk;26924541;134
536;uk;26929573;365
537;uk;26957480;107
538;uk;27249102;151
539;uk;272962;710
540;uk;27406487;365
541;uk;27426968;365
542;uk;27474260;346
543;uk;27484233;365
544;uk;27506265;119
545;uk;27530239;366
546;uk;27540474;5
547;uk;27607134;365
548;uk;28032108;365
549;uk;281cc16c-3b89-ea11-99e5-0003ff59b198;1
550;uk;28537338;324
551;uk;29bbe57a-ab8a-ea11-99e5-0003ff596d81;1
552;uk;2a4b121e-6748-eb11-8fed-0003ff595f97;205
553;uk;2ada4368-384c-ea11-b698-0003ff59771b;548
554;uk;2d3c1d43-c747-eb11-8fed-0003ff595f97;78
555;uk;2d5dbac7-cbca-ea11-bf21-0003ff59a78c;1
556;uk;2e17822e-5546-ea11-b699-0003ff59987e;5
557;uk;2ffe6b94-3948-eb11-8fed-0003ff595f97;983
558;uk;3008893e-46fe-ea11-b5d9-0003ff599498;3
559;uk;30852476;256
560;uk;30b0f612-0136-e911-867d-0003ff5960dd;1
561;uk;31dfaf6b-b678-e911-80e7-0003ff59889d;2
562;uk;32494584;363
563;uk;3385e6c6-16c8-ea11-bf22-0003ff59a5e1;493
564;uk;349b67c0-b692-ea11-99e5-0003ff596d81;2
565;uk;36916542;235
566;uk;382a3365-9141-eb11-8fed-0003ff597f34;1
567;uk;383e8bdb-2c42-eb11-8fed-0003ff595f97;1
568;uk;386846144;351
569;uk;39824073;26
570;uk;3c324cc1-3e82-ea11-99e5-0003ff596d81;1
571;uk;3c90b6ce-5482-ea11-99e5-0003ff59b198;9
572;uk;3ceff2c9-c34a-ea11-b698-0003ff59771b;1
573;uk;3fff7d2d-fc80-ea11-99e5-0003ff596d81;1
574;uk;4019cf2e-b233-ea11-8454-0003ff599bc1;1
575;uk;402274;52
576;uk;40243201;36
577;uk;4154215;364
578;uk;41d92a7d-2a49-eb11-8fed-0003ff5982ed;783
579;uk;427e282b-74f8-ea11-b5d9-0003ff599499;2
580;uk;42c7a7f6-7797-e911-80e7-0003ff59883f;365
581;uk;43121647;331
582;uk;44650cea-bb3b-ea11-8454-0003ff59ab13;1
583;uk;44931091;67
584;uk;472058;712
585;uk;4847416;336
586;uk;4870c052-fe2f-ea11-8454-0003ff59ab13;1
587;uk;4e50023e-ff62-ea11-b698-0003ff59a029;1
588;uk;4e5d382b-4d86-ea11-99e5-0003ff596d81;1
589;uk;500ce302-b509-eb11-b5d9-0003ff599498;1675
590;uk;50834895;1600
591;uk;51d59c84-38d4-ea11-bf21-0003ff59a78c;2
592;uk;529146002;1512
593;uk;53db6388-7947-eb11-8fed-0003ff595f97;1240
594;uk;546366470;354
595;uk;5503a72c-2d0e-eb11-8441-0003ff59786b;1
596;uk;587d944d-2015-eb11-8441-0003ff597a64;3
597;uk;59229ee0-3ca2-e911-b083-0003ff59a71f;83
598;uk;5a64df9f-45d1-e911-b3b9-0003ff59a783;16
599;uk;5ab284a9-7eca-ea11-bf21-0003ff59b17b;3
600;uk;5debd855-b62a-eb11-8441-0003ff59786b;1
601;uk;5f4644ec-7c2c-ea11-8454-0003ff59ab13;2
602;uk;612426032;949
603;uk;62d5d1c9-9c48-eb11-8fed-0003ff5982ed;1087
604;uk;62d62e36-98a6-ea11-8b71-0003ff59b0d7;1
605;uk;63546339;12
606;uk;64a60d30-2a0e-eb11-8441-0003ff597a64;1
607;uk;6743e5a1-7cfd-ea11-b5d9-0003ff599498;94
608;uk;6822d8be-0560-eb11-8fed-0003ff5982ed;1
609;uk;69198856;219
610;uk;6b7512c5-080c-eb11-b5d9-0003ff5982ee;1
611;uk;7179410;365
612;uk;7185693;1
613;uk;7206d8bf-86d0-e911-b3ba-0003ff59b0d7;64
614;uk;72308046;365
615;uk;72cbce71-a52c-ea11-8454-0003ff59ab13;2
616;uk;740f10cb-f306-e911-9462-0003ff598847;1
617;uk;75070213;364
618;uk;7534d9fb-8b7c-e911-80e7-0003ff597316;1686
619;uk;75871032;371
620;uk;759883cc-a74a-eb11-8fed-0003ff595f97;194
621;uk;75b933e2-f128-e711-9404-0003ff59b2b9;275
622;uk;771ce46f-d5c1-ea11-bf21-0003ff59a5e1;1
623;uk;775626e2-9c34-eb11-8fed-0003ff59967d;3
624;uk;79f31bcf-27b9-ea11-bf21-0003ff59a56f;5
625;uk;7b05d84e-0795-e611-9401-0003ff59aed0;556
626;uk;7efe01be-c188-ea11-99e5-0003ff59b198;1
627;uk;7fec6758-043c-e911-867d-0003ff597ce7;2
628;uk;803b3022-6a9e-ea11-8b71-0003ff59a5f8;57
629;uk;803fefd9-cfc4-ea11-bf21-0003ff59a56f;1906
630;uk;857416020;376
631;uk;881196001;263
632;uk;884006001;156
633;uk;884026001;31
634;uk;891326001;357
635;uk;894056001;2
636;uk;895146001;4
637;uk;899316001;365
638;uk;8a26e1ea-8b3c-ea11-8454-0003ff59ab13;3
639;uk;8a557fbb-a8be-ea11-bf21-0003ff59a56f;1
640;uk;8c7f60ef-8d47-eb11-8fed-0003ff595f97;1203
641;uk;8cf51ede-16dc-ea11-bf21-0003ff59b17b;1
642;uk;8f3f6371-2015-eb11-8441-0003ff597a64;1
643;uk;905606001;102
644;uk;915576001;111
645;uk;919566001;364
646;uk;920566001;326
647;uk;921196001;1045
648;uk;922806001;150
649;uk;924236001;1
650;uk;924446001;332
651;uk;924746001;1299
652;uk;925856001;79
653;uk;926776001;365
654;uk;926926001;365
655;uk;938266001;13
656;uk;939136001;367
657;uk;947346001;632
658;uk;950466001;76
659;uk;950796001;362
660;uk;951506001;158
661;uk;964c5434-5839-e711-9400-0003ff59a8fb;2
662;uk;968556001;365
663;uk;969466001;362
664;uk;972ae512-b904-eb11-b5d9-0003ff5982ee;1
665;uk;973206;361
666;uk;978296001;1
667;uk;9af1221f-fc48-ea11-b699-0003ff59987e;3
668;uk;9c0edfca-27fc-e611-9400-0003ff597480;1
669;uk;9cba310b-8e0b-e911-9462-0003ff598847;68
670;uk;9ceeae43-0c07-eb11-b5d9-0003ff5982ee;33
671;uk;a05d3065-c3b3-ea11-bf21-0003ff59a5e1;1
672;uk;a09401a3-7241-e611-9401-0003ff59b0cc;608
673;uk;a24a4eb7-dc9d-ea11-8b71-0003ff59b0d7;1
674;uk;a50c1378-2c40-ea11-b698-0003ff59771b;944
675;uk;a6635cd3-dd30-eb11-8441-0003ff597a64;1596
676;uk;a8b665ba-fa4a-eb11-8fed-0003ff5982ed;93
677;uk;a95ce95a-3136-e711-9400-000d3ab1c4d1;1899
678;uk;aba26dff-c378-ea11-99e5-0003ff59b198;428
679;uk;ad86f5e4-7a66-e811-9cca-0003ff598bf1;1663
680;uk;af2c71ba-edcc-e911-b3b9-0003ff59a783;365
681;uk;b0dce4c1-3719-e711-9403-000d3ab1cde0;1
682;uk;b150ba5c-7485-ea11-99e5-0003ff596d81;37
683;uk;b203202f-9d34-eb11-8441-0003ff597f33;1
684;uk;b2701b14-9347-eb11-8fed-0003ff595f97;3
685;uk;b3f50922-8609-e711-9402-0003ff59a32c;363
686;uk;b611c45c-fc03-eb11-b5d9-0003ff599499;1
687;uk;b7e1f6e9-88c6-e911-b083-0003ff598cc1;549
688;uk;ba6e6b8b-e5ae-ea11-8b71-0003ff59a5f8;1
689;uk;bba1c5aa-c299-ea11-8b71-0003ff59a3d6;2
690;uk;bf07c13f-1833-eb11-8441-0003ff597a64;1
691;uk;c030940c-ab45-ea11-b698-0003ff59771b;3
692;uk;c0f4c1b7-7fef-e911-b862-0003ff599e2a;82
693;uk;c2a31bae-54ca-e911-b3ba-0003ff59b0d7;365
694;uk;c38b8fe8-ef38-e711-9400-000d3ab1c4d1;365
695;uk;c4d13484-734b-ea11-b698-0003ff59771b;18
696;uk;c54f6eb9-f73d-ea11-8454-0003ff599bc1;1
697;uk;c6a5f834-4a18-eb11-8441-0003ff59786b;1
698;uk;c9c9290b-7dbb-ea11-bf21-0003ff59a56f;1
699;uk;cad38817-a8d2-ea11-bf21-0003ff596d81;1
700;uk;cd33d21b-3a55-e911-b048-0003ff59ad54;32
701;uk;ce946b10-5b38-e911-867d-0003ff597ce7;354
702;uk;d066fa65-d762-ea11-b698-0003ff59a029;4
703;uk;d3a53c9a-bc3f-eb11-8fed-0003ff5982ed;1
704;uk;d68f1636-76ca-e811-a8ec-0003ff59b2da;32
705;uk;d6f1aaf9-579c-ea11-8b71-0003ff59a5f8;76
706;uk;d74a96d0-0e9b-e811-b96f-0003ff5993a0;1
707;uk;d962b2ce-cbca-ea11-bf21-0003ff59b17b;3
708;uk;d9789fb8-8a3f-ea11-b698-0003ff59771b;1
709;uk;dc4bba3a-5546-ea11-b699-0003ff59987e;3
710;uk;dd31f0cd-8947-eb11-8fed-0003ff595f97;819
711;uk;de06e4b9-dde3-e711-9405-0003ff59b2bd;77
712;uk;df75ed47-610f-e911-9462-0003ff5972a6;3
713;uk;e0019bf7-f3a6-ea11-8b71-0003ff59b0d7;10
714;uk;e1f0bc8c-fedb-e711-9402-000d3ab1cd34;77
715;uk;e4045180-bdf1-e811-a140-0003ff5993a0;352
716;uk;e513ff70-627c-e811-9ccc-0003ff5989fe;1
717;uk;e8d47fad-2148-eb11-8fed-0003ff597f34;1327
718;uk;eeea0e72-ac0e-e911-9462-0003ff5972a6;1
719;uk;ef291eb1-bfc2-ea11-bf21-0003ff59a56f;1
720;uk;ef866c34-1b33-ea11-8454-0003ff599bc1;1
721;uk;efc3cdbb-8568-ea11-99e5-0003ff59a340;1
722;uk;f005b22d-2b48-eb11-8fed-0003ff5982ed;1185
723;uk;f24e320a-8089-ea11-99e5-0003ff596d81;1
724;uk;f2a6ddb8-ff62-ea11-b698-0003ff59a029;1
725;uk;f3968039-6844-ea11-b699-0003ff59987e;30
